{
  "React": [
    {
      "id":"1",
      "quiz": "ReactJS is developed by _____?",
      "options": [
        "Google Engineers",
        "Facebook Engineers"
      ],
      "answer": "Facebook Engineers"
    },
    {
       "id":"2",
      "quiz": "ReactJS is an MVC based framework?",
      "options": [
        "True",
        "False"
      ],
      "answer": "False"
    },
    {
       "id":"3",
      "quiz": "Which of the following concepts is/are key to ReactJS?",
      "options": [
        "Component-oriented design",
        "Event delegation model",
        "Both of the above"
      ],
      "answer": "Both of the above"
    },
    {
       "id":"4",
      "quiz": "Which of the following API is a MUST for every ReactJS component?",
      "options": [
        "getInitialState",
        "render",
        "renderComponent"
      ],
      "answer": "render"
    },
    {
       "id":"5",
      "quiz": "ReactJS focuses on which of the following part when considering MVC?",
      "options": [
        "M (Model)",
        "V (View)",
        "C (Controller)"
      ],
      "answer": "V (View)"
    }
  ],
  "Angular": [
    {
       "id":"1",
      "quiz": "Do AngularJS provide reusable components?",
      "options": [
        "True",
        "False"
      ],
      "answer": "True"
    },
    {
       "id":"2",
      "quiz": "What is MVC?",
      "options": [
        "MVC is name of an algorithm.",
        "MVC is a software design pattern for developing web applications.",
        "MVC is a software technique to optimize web application performance."
      ],
      "answer": "MVC is a software design pattern for developing web applications."
    },
    {
       "id":"3",
      "quiz": "Which of the following is true about $dirty flag?",
      "options": [
        "$dirty flag states that value has been changed.",
        "$dirty flag states that form has invalid data.",
        "Both of the above.",
        "None of the above."
      ],
      "answer": "$dirty flag states that value has been changed."
    },
    {
       "id":"4",
      "quiz": " Which of the following is true about provider?",
      "options": [
        "provider is used by AngularJS to create services, factory etc.",
        "provider is used during config phase.",
        "provider is a special factory method.",
        "All of the above."
      ],
      "answer": "All of the above."
    },
    {
       "id":"5",
      "quiz": "Scope act as glue between controller and view?",
      "options": [
        "True",
        "False"
      ],
      "answer": "True"
    }
  ],
  "Node": [
    {
       "id":"1",
      "quiz": "What is Node.JS?",
      "options": [
        "Node.js is a web server.",
        "Node.js is a JavaScript based framework/platform built on Google Chrome's JavaScript V8 Engine.",
        "Node.js is a java based framework.",
        "None of the above"
      ],
      "answer": "Node.js is a JavaScript based framework/platform built on Google Chrome's JavaScript V8 Engine."
    },
    {
       "id":"2",
      "quiz": "Which of the following command will show all the modules installed globally?",
      "options": [
        "$ npm ls -g",
        "$ npm ls",
        "$ node ls -g",
        "$ npm ls"
      ],
      "answer": "$ npm ls -g"
    },
    {
       "id":"3",
      "quiz": "Which of the following is true about EventEmitter.emit property?",
      "options": [
        "emit property is used to locate an event handler.",
        "emit property is used to bind a function with the event.",
        "emit property is used to fire an event.",
        "None of the above"
      ],
      "answer": "emit property is used to fire an event."
    },
    {
       "id":"4",
      "quiz": "Which method of fs module is used to read a file?",
      "options": [
        "fs.open(path, flags[, mode], callback)",
        "fs.openFile(path, flags[, mode], callback)",
        "fs.openPath(path, flags[, mode], callback)",
        "fs.read(fd, buffer, offset, length, position, callback)"
      ],
      "answer": "fs.read(fd, buffer, offset, length, position, callback)"
    },
    {
       "id":"5",
      "quiz": "Which of the following is true about setTimeout(cb, ms) global function?",
      "options": [
        "The setTimeout(cb, ms) global function is used to run callback cb after at least ms milliseconds.",
        "The setTimeout(cb, ms) function returns an opaque value that represents the timer which can be used to clear the timer.",
        "Both of the above",
        "None of the above"
      ],
      "answer": "Both of the above"
    }
  ],
  "HTML5": [
    {
       "id":"1",
      "quiz": "Which of the following feature is a part of HTML 5?",
      "options": [
        "Canvas",
        "Audio & Video",
        "Geolocation",
        "All of the above"
      ],
      "answer": "All of the above"
    },
    {
       "id":"2",
      "quiz": "Which of the following is true about Session Storage in HTML5?",
      "options": [
        "HTML5 introduces the sessionStorage attribute which would be used by the sites to add data to the session storage.",
        "It will be accessible to any page from the same site opened in that window i.e. session.",
        "As soon as you close the window, session would be lost.",
        "All of the above"
      ],
      "answer": "All of the above"
    },
    {
       "id":"3",
      "quiz": "Which of the following method returns a geolocation object in HTML5?",
      "options": [
        "navigator.geolocation",
        "browser.geolocation",
        "API.geolocation",
        "None of the above"
      ],
      "answer": "navigator.geolocation"
    },
    {
       "id":"4",
      "quiz": "Which of the following attribute triggers event when the document goes offline?",
      "options": [
        "offline",
        "off",
        "out",
        "onbeforeonload"
      ],
      "answer": "offline"
    },
    {
       "id":"5",
      "quiz": "Which of the following attribute triggers event when the window loses focus?",
      "options": [
        "onbeforeload",
        "onblur",
        "onlastfocus",
        "lastfocus"
      ],
      "answer": "onblur"
    }
  ],
  "Backbone": [
    {
       "id":"1",
      "quiz": "Backbone.Collection is a collection of Backbone.Model?",
      "options": [
        "True",
        "False"
      ],
      "answer": "True"
    },
    {
       "id":"2",
      "quiz": "Which is an event listener and holds an HTML template with the model object?",
      "options": [
        "Backbone.View",
        "Backbone.Events",
        "Backbone.Collection",
        "All of the above"
      ],
      "answer": "Backbone.View"
    },
    {
       "id":"3",
      "quiz": "Which of the following is/are true for el and $el property?",
      "options": [
        "el is an HTML DOM element",
        "$el is a cached jQuery(or zepto) wrapper around el",
        "Both 1 & 2",
        "None"
      ],
      "answer": "Both 1 & 2"
    },
    {
       "id":"4",
      "quiz": "Templates are used to dynamically build markup in BackboneJs?",
      "options": [
        "True",
        "False"
      ],
      "answer": "True"
    },
    {
       "id":"5",
      "quiz": "What is the Shortcut key to debug Javascript using Firebug?",
      "options": [
        "F8",
        "F9",
        "F10",
        "F12"
      ],
      "answer": "F12"
    }
  ],
  "CSS3": [
    {
       "id":"1",
      "quiz": "Which of the following selector matches a element based on its class attribute?",
      "options": [
        "The Type Selector",
        "The Universal Selector",
        "The Descendant Selector",
        "The Class Selector"
      ],
      "answer": "The Class Selector"
    },
    {
       "id":"2",
      "quiz": "Which of the following defines 1% of viewport width?",
      "options": [
        "px",
        "vh",
        "vw",
        "vmin"
      ],
      "answer": "vw"
    },
    {
       "id":"3",
      "quiz": "Which of the following property is used to set the background image of an element?",
      "options": [
        "background-color",
        "background-image",
        "background-repeat",
        "background-position"
      ],
      "answer": "background-image"
    },
    {
       "id":"4",
      "quiz": "Which of the following property is used to align the text of a document?",
      "options": [
        "text-indent",
        "text-align",
        "text-decoration",
        "text-transform"
      ],
      "answer": "text-align"
    },
    {
       "id":"5",
      "quiz": "Which of the following property is used to set the width of an image?",
      "options": [
        "border",
        "height",
        "width",
        "-moz-opacity"
      ],
      "answer": "width"
    }
  ]
}